{
    "name": "root",
    "gauges": {
        "AI_AGENT.Policy.Entropy.mean": {
            "value": 1.224402904510498,
            "min": 1.1898397207260132,
            "max": 1.381381869316101,
            "count": 15
        },
        "AI_AGENT.Policy.Entropy.sum": {
            "value": 12165.6669921875,
            "min": 11879.359375,
            "max": 14322.1669921875,
            "count": 15
        },
        "AI_AGENT.Environment.EpisodeLength.mean": {
            "value": 23.82587064676617,
            "min": 18.562264150943395,
            "max": 25.422459893048128,
            "count": 15
        },
        "AI_AGENT.Environment.EpisodeLength.sum": {
            "value": 9578.0,
            "min": 9316.0,
            "max": 9838.0,
            "count": 15
        },
        "AI_AGENT.Policy.ExtrinsicValueEstimate.mean": {
            "value": 3.168743848800659,
            "min": 0.07510015368461609,
            "max": 3.168743848800659,
            "count": 15
        },
        "AI_AGENT.Policy.ExtrinsicValueEstimate.sum": {
            "value": 1296.0162353515625,
            "min": 35.59747314453125,
            "max": 1296.0162353515625,
            "count": 15
        },
        "AI_AGENT.Environment.CumulativeReward.mean": {
            "value": 1.3858208122538096,
            "min": 0.8568627493638619,
            "max": 1.511227080155913,
            "count": 15
        },
        "AI_AGENT.Environment.CumulativeReward.sum": {
            "value": 557.0999665260315,
            "min": 437.00000217556953,
            "max": 579.5999596118927,
            "count": 15
        },
        "AI_AGENT.Policy.ExtrinsicReward.mean": {
            "value": 1.3858208122538096,
            "min": 0.8568627493638619,
            "max": 1.511227080155913,
            "count": 15
        },
        "AI_AGENT.Policy.ExtrinsicReward.sum": {
            "value": 557.0999665260315,
            "min": 437.00000217556953,
            "max": 579.5999596118927,
            "count": 15
        },
        "AI_AGENT.Losses.PolicyLoss.mean": {
            "value": 0.9209355844391718,
            "min": 0.27149732472122806,
            "max": 0.9562568699320158,
            "count": 15
        },
        "AI_AGENT.Losses.PolicyLoss.sum": {
            "value": 2.7628067533175154,
            "min": 0.8144919741636841,
            "max": 2.817533999681473,
            "count": 15
        },
        "AI_AGENT.Losses.ValueLoss.mean": {
            "value": 0.01646496884059161,
            "min": 0.006261256970982585,
            "max": 0.06128855014426841,
            "count": 15
        },
        "AI_AGENT.Losses.ValueLoss.sum": {
            "value": 0.049394906521774834,
            "min": 0.01562619492566834,
            "max": 0.18386565043280523,
            "count": 15
        },
        "AI_AGENT.Policy.LearningRate.mean": {
            "value": 0.0002132544289152,
            "min": 0.0002132544289152,
            "max": 0.0002960736013087999,
            "count": 15
        },
        "AI_AGENT.Policy.LearningRate.sum": {
            "value": 0.0006397632867456,
            "min": 0.00043857725380760015,
            "max": 0.0008882208039263997,
            "count": 15
        },
        "AI_AGENT.Policy.Epsilon.mean": {
            "value": 0.1710848,
            "min": 0.1710848,
            "max": 0.19869120000000004,
            "count": 15
        },
        "AI_AGENT.Policy.Epsilon.sum": {
            "value": 0.5132544,
            "min": 0.34619239999999996,
            "max": 0.5960736000000001,
            "count": 15
        },
        "AI_AGENT.Policy.Beta.mean": {
            "value": 0.003557131520000001,
            "min": 0.003557131520000001,
            "max": 0.00493469088,
            "count": 15
        },
        "AI_AGENT.Policy.Beta.sum": {
            "value": 0.010671394560000002,
            "min": 0.0073150007600000025,
            "max": 0.01480407264,
            "count": 15
        },
        "AI_AGENT.IsTraining.mean": {
            "value": 1.0,
            "min": 1.0,
            "max": 1.0,
            "count": 15
        },
        "AI_AGENT.IsTraining.sum": {
            "value": 1.0,
            "min": 1.0,
            "max": 1.0,
            "count": 15
        }
    },
    "metadata": {
        "timer_format_version": "0.1.0",
        "start_time_seconds": "1626288577",
        "python_version": "3.7.9 (default, Aug 31 2020, 17:10:11) [MSC v.1916 64 bit (AMD64)]",
        "command_line_arguments": "C:\\Users\\Apex\\anaconda3\\envs\\ml-agents\\Scripts\\mlagents-learn Config\\PrototypeML.yaml --run-id=ML_AGENTSv21",
        "mlagents_version": "0.24.0",
        "mlagents_envs_version": "0.24.0",
        "communication_protocol_version": "1.4.0",
        "pytorch_version": "1.7.0+cu110",
        "numpy_version": "1.20.1",
        "end_time_seconds": "1626288738"
    },
    "total": 160.90614069999998,
    "count": 1,
    "self": 0.004979099999985692,
    "children": {
        "run_training.setup": {
            "total": 0.12834940000000006,
            "count": 1,
            "self": 0.12834940000000006
        },
        "TrainerController.start_learning": {
            "total": 160.7728122,
            "count": 1,
            "self": 0.3287102999999263,
            "children": {
                "TrainerController._reset_env": {
                    "total": 11.2999061,
                    "count": 1,
                    "self": 11.2999061
                },
                "TrainerController.advance": {
                    "total": 149.00252300000008,
                    "count": 15005,
                    "self": 0.17884170000002086,
                    "children": {
                        "env_step": {
                            "total": 148.82368130000006,
                            "count": 15005,
                            "self": 97.04607509999873,
                            "children": {
                                "SubprocessEnvManager._take_step": {
                                    "total": 51.60360840000035,
                                    "count": 15005,
                                    "self": 0.7675855999997268,
                                    "children": {
                                        "TorchPolicy.evaluate": {
                                            "total": 50.83602280000062,
                                            "count": 13071,
                                            "self": 14.423077199998723,
                                            "children": {
                                                "TorchPolicy.sample_actions": {
                                                    "total": 36.4129456000019,
                                                    "count": 13071,
                                                    "self": 36.4129456000019
                                                }
                                            }
                                        }
                                    }
                                },
                                "workers": {
                                    "total": 0.17399780000098453,
                                    "count": 15004,
                                    "self": 0.0,
                                    "children": {
                                        "worker_root": {
                                            "total": 150.4410490000004,
                                            "count": 15004,
                                            "is_parallel": true,
                                            "self": 78.84422129999999,
                                            "children": {
                                                "steps_from_proto": {
                                                    "total": 0.0006572000000009126,
                                                    "count": 1,