{
    "name": "root",
    "gauges": {
        "AI_AGENT.Policy.Entropy.mean": {
            "value": 0.885044515132904,
            "min": 0.8825966715812683,
            "max": 1.3785901069641113,
            "count": 50
        },
        "AI_AGENT.Policy.Entropy.sum": {
            "value": 9940.8203125,
            "min": 6291.14892578125,
            "max": 15583.58203125,
            "count": 50
        },
        "AI_AGENT.Environment.EpisodeLength.mean": {
            "value": 62.4,
            "min": 29.085470085470085,
            "max": 79.43859649122807,
            "count": 50
        },
        "AI_AGENT.Environment.EpisodeLength.sum": {
            "value": 11544.0,
            "min": 6909.0,
            "max": 11544.0,
            "count": 50
        },
        "AI_AGENT.Policy.ExtrinsicValueEstimate.mean": {
            "value": 3.8899264335632324,
            "min": 1.2095504999160767,
            "max": 4.159261703491211,
            "count": 50
        },
        "AI_AGENT.Policy.ExtrinsicValueEstimate.sum": {
            "value": 1003.6010131835938,
            "min": 377.3797607421875,
            "max": 1003.6010131835938,
            "count": 50
        },
        "AI_AGENT.Environment.CumulativeReward.mean": {
            "value": 3.8324324712559985,
            "min": 1.6726190148897113,
            "max": 5.117123331109139,
            "count": 50
        },
        "AI_AGENT.Environment.CumulativeReward.sum": {
            "value": 709.0000071823597,
            "min": 482.9000209271908,
            "max": 871.9000124335289,
            "count": 50
        },
        "AI_AGENT.Policy.ExtrinsicReward.mean": {
            "value": 3.8324324712559985,
            "min": 1.6726190148897113,
            "max": 5.117123331109139,
            "count": 50
        },
        "AI_AGENT.Policy.ExtrinsicReward.sum": {
            "value": 709.0000071823597,
            "min": 482.9000209271908,
            "max": 871.9000124335289,
            "count": 50
        },
        "AI_AGENT.Losses.PolicyLoss.mean": {
            "value": 0.2655357577154064,
            "min": 0.14470632827530305,
            "max": 0.5980567614935959,
            "count": 50
        },
        "AI_AGENT.Losses.PolicyLoss.sum": {
            "value": 0.5310715154308128,
            "min": 0.14470632827530305,
            "max": 1.1961135229871918,
            "count": 50
        },
        "AI_AGENT.Losses.ValueLoss.mean": {
            "value": 0.2540596527357896,
            "min": 0.04613007741669814,
            "max": 0.8007281631231308,
            "count": 50
        },
        "AI_AGENT.Losses.ValueLoss.sum": {
            "value": 0.5081193054715792,
            "min": 0.04613007741669814,
            "max": 0.9056079337994258,
            "count": 50
        },
        "AI_AGENT.Policy.LearningRate.mean": {
            "value": 3.6015987994999954e-06,
            "min": 3.6015987994999954e-06,
            "max": 0.00029676420107859993,
            "count": 50
        },
        "AI_AGENT.Policy.LearningRate.sum": {
            "value": 7.203197598999991e-06,
            "min": 7.203197598999991e-06,
            "max": 0.0008727264090911997,
            "count": 50
        },
        "AI_AGENT.Policy.Epsilon.mean": {
            "value": 0.10120050000000001,
            "min": 0.10120050000000001,
            "max": 0.19892139999999997,
            "count": 50
        },
        "AI_AGENT.Policy.Epsilon.sum": {
            "value": 0.20240100000000003,
            "min": 0.10335779999999999,
            "max": 0.5909088000000001,
            "count": 50
        },
        "AI_AGENT.Policy.Beta.mean": {
            "value": 6.990494999999996e-05,
            "min": 6.990494999999996e-05,
            "max": 0.004946177860000001,
            "count": 50
        },
        "AI_AGENT.Policy.Beta.sum": {
            "value": 0.00013980989999999992,
            "min": 0.00013980989999999992,
            "max": 0.01454634912,
            "count": 50
        },
        "AI_AGENT.IsTraining.mean": {
            "value": 1.0,
            "min": 1.0,
            "max": 1.0,
            "count": 50
        },
        "AI_AGENT.IsTraining.sum": {
            "value": 1.0,
            "min": 1.0,
            "max": 1.0,
            "count": 50
        }
    },
    "metadata": {
        "timer_format_version": "0.1.0",
        "start_time_seconds": "1626290061",
        "python_version": "3.7.9 (default, Aug 31 2020, 17:10:11) [MSC v.1916 64 bit (AMD64)]",
        "command_line_arguments": "C:\\Users\\Apex\\anaconda3\\envs\\ml-agents\\Scripts\\mlagents-learn Config\\PrototypeML.yaml --run-id=ML_AGENTSv25",
        "mlagents_version": "0.24.0",
        "mlagents_envs_version": "0.24.0",
        "communication_protocol_version": "1.4.0",
        "pytorch_version": "1.7.0+cu110",
        "numpy_version": "1.20.1",
        "end_time_seconds": "1626290308"
    },
    "total": 247.04989,
    "count": 1,
    "self": 0.005999300000013363,
    "children": {
        "run_training.setup": {
            "total": 0.12214079999999994,
            "count": 1,
            "self": 0.12214079999999994
        },
        "TrainerController.start_learning": {
            "total": 246.92174989999998,
            "count": 1,
            "self": 0.3219792000025734,
            "children": {
                "TrainerController._reset_env": {
                    "total": 11.3157368,
                    "count": 1,
                    "self": 11.3157368
                },
                "TrainerController.advance": {
                    "total": 235.13472979999742,
                    "count": 12996,
                    "self": 0.1547586999977284,
                    "children": {
                        "env_step": {
                            "total": 234.9799710999997,
                            "count": 12996,
                            "self": 201.41599099999874,
                            "children": {
                                "SubprocessEnvManager._take_step": {
                                    "total": 33.41408370000108,
                                    "count": 12996,
                                    "self": 0.8278318000017251,
                                    "children": {
                                        "TorchPolicy.evaluate": {
                                            "total": 32.586251899999354,
                                            "count": 6989,
                                            "self": 9.021720599999291,
                                            "children": {
                                                "TorchPolicy.sample_actions": {
                                                    "total": 23.564531300000063,
                                                    "count": 6989,
                                                    "self": 23.564531300000063
                                                }
                                            }
                                        }
                                    }
                                },
                                "workers": {
                                    "total": 0.1498963999998768,
                                    "count": 12996,
                                    "self": 0.0,
                                    "children": {
                                        "worker_root": {
                                            "total": 236.5097476000001,
                                            "count": 12996,
                                            "is_parallel": true,
                                            "self": 131.79314329999988,
                                            "children": {
                                                "steps_from_proto": {
                                                    "total": 0.001970200000000588,
                                                    "count": 1,