{
    "name": "root",
    "gauges": {
        "MyBehavior.Policy.Entropy.mean": {
            "value": 0.7717767357826233,
            "min": 0.769150972366333,
            "max": 1.371057152748108,
            "count": 10
        },
        "MyBehavior.Policy.Entropy.sum": {
            "value": 38703.05859375,
            "min": 38257.5703125,
            "max": 68887.3984375,
            "count": 10
        },
        "MyBehavior.Environment.EpisodeLength.mean": {
            "value": 77.06666666666666,
            "min": 33.68888888888889,
            "max": 77.06666666666666,
            "count": 10
        },
        "MyBehavior.Environment.EpisodeLength.sum": {
            "value": 49708.0,
            "min": 48512.0,
            "max": 50133.0,
            "count": 10
        },
        "MyBehavior.Policy.ExtrinsicValueEstimate.mean": {
            "value": 3.2298038005828857,
            "min": 1.1655499935150146,
            "max": 3.2298038005828857,
            "count": 10
        },
        "MyBehavior.Policy.ExtrinsicValueEstimate.sum": {
            "value": 3753.031982421875,
            "min": 1535.029296875,
            "max": 3755.9365234375,
            "count": 10
        },
        "MyBehavior.Environment.CumulativeReward.mean": {
            "value": 7.745807869093759,
            "min": 2.3688888581055734,
            "max": 7.745807869093759,
            "count": 10
        },
        "MyBehavior.Environment.CumulativeReward.sum": {
            "value": 4988.300267696381,
            "min": 3411.1999556720257,
            "max": 4988.300267696381,
            "count": 10
        },
        "MyBehavior.Policy.ExtrinsicReward.mean": {
            "value": 7.745807869093759,
            "min": 2.3688888581055734,
            "max": 7.745807869093759,
            "count": 10
        },
        "MyBehavior.Policy.ExtrinsicReward.sum": {
            "value": 4988.300267696381,
            "min": 3411.1999556720257,
            "max": 4988.300267696381,
            "count": 10
        },
        "MyBehavior.Losses.PolicyLoss.mean": {
            "value": 0.023123319763690232,
            "min": 0.022575062348817787,
            "max": 0.026716230555127063,
            "count": 10
        },
        "MyBehavior.Losses.PolicyLoss.sum": {
            "value": 0.11561659881845116,
            "min": 0.09597700262287011,
            "max": 0.13358115277563531,
            "count": 10
        },
        "MyBehavior.Losses.ValueLoss.mean": {
            "value": 0.8767607514063519,
            "min": 0.49142236669858297,
            "max": 0.9607992246747017,
            "count": 10
        },
        "MyBehavior.Losses.ValueLoss.sum": {
            "value": 4.383803757031759,
            "min": 2.457111833492915,
            "max": 4.613785529136658,
            "count": 10
        },
        "MyBehavior.Policy.LearningRate.mean": {
            "value": 1.4043455318879995e-05,
            "min": 1.4043455318879995e-05,
            "max": 0.00028456020514659996,
            "count": 10
        },
        "MyBehavior.Policy.LearningRate.sum": {
            "value": 7.021727659439998e-05,
            "min": 7.021727659439998e-05,
            "max": 0.0012840342719886001,
            "count": 10
        },
        "MyBehavior.Policy.Epsilon.mean": {
            "value": 0.10468111999999999,
            "min": 0.10468111999999999,
            "max": 0.1948534,
            "count": 10
        },
        "MyBehavior.Policy.Epsilon.sum": {
            "value": 0.5234055999999999,
            "min": 0.5234055999999999,
            "max": 0.9280113999999998,
            "count": 10
        },
        "MyBehavior.Policy.Beta.mean": {
            "value": 0.00024358788799999997,
            "min": 0.00024358788799999997,
            "max": 0.00474318466,
            "count": 10
        },
        "MyBehavior.Policy.Beta.sum": {
            "value": 0.0012179394399999999,
            "min": 0.0012179394399999999,
            "max": 0.021407768860000006,
            "count": 10
        },
        "MyBehavior.IsTraining.mean": {
            "value": 1.0,
            "min": 1.0,
            "max": 1.0,
            "count": 10
        },
        "MyBehavior.IsTraining.sum": {
            "value": 1.0,
            "min": 1.0,
            "max": 1.0,
            "count": 10
        }
    },
    "metadata": {
        "timer_format_version": "0.1.0",
        "start_time_seconds": "1626284409",
        "python_version": "3.7.9 (default, Aug 31 2020, 17:10:11) [MSC v.1916 64 bit (AMD64)]",
        "command_line_arguments": "C:\\Users\\Apex\\anaconda3\\envs\\ml-agents\\Scripts\\mlagents-learn Config\\PrototypeML.yaml --run-id=ML_AGENTSv18",
        "mlagents_version": "0.24.0",
        "mlagents_envs_version": "0.24.0",
        "communication_protocol_version": "1.4.0",
        "pytorch_version": "1.7.0+cu110",
        "numpy_version": "1.20.1",
        "end_time_seconds": "1626284859"
    },
    "total": 450.0177869,
    "count": 1,
    "self": 0.006423200000028828,
    "children": {
        "run_training.setup": {
            "total": 0.12061100000000002,
            "count": 1,
            "self": 0.12061100000000002
        },
        "TrainerController.start_learning": {
            "total": 449.89075269999995,
            "count": 1,
            "self": 0.9539999999955739,
            "children": {
                "TrainerController._reset_env": {
                    "total": 21.0032273,
                    "count": 1,
                    "self": 21.0032273
                },
                "TrainerController.advance": {
                    "total": 427.85640670000436,
                    "count": 46445,
                    "self": 0.488912800007995,
                    "children": {
                        "env_step": {
                            "total": 427.36749389999636,
                            "count": 46445,
                            "self": 286.70840870000495,
                            "children": {
                                "SubprocessEnvManager._take_step": {
                                    "total": 140.14209699999748,
                                    "count": 46445,
                                    "self": 1.9759381999970174,
                                    "children": {
                                        "TorchPolicy.evaluate": {
                                            "total": 138.16615880000046,
                                            "count": 41711,
                                            "self": 43.52008429999887,
                                            "children": {
                                                "TorchPolicy.sample_actions": {
                                                    "total": 94.64607450000159,
                                                    "count": 41711,
                                                    "self": 94.64607450000159
                                                }
                                            }
                                        }
                                    }
                                },
                                "workers": {
                                    "total": 0.5169881999939463,
                                    "count": 46445,
                                    "self": 0.0,
                                    "children": {
                                        "worker_root": {
                                            "total": 428.84098620000293,
                                            "count": 46445,
                                            "is_parallel": true,
                                            "self": 214.5352001000036,
                                            "children": {
                                                "steps_from_proto": {
                                                    "total": 0.0006187000000004161,