{
    "name": "root",
    "gauges": {
        "MyBehavior.Policy.Entropy.mean": {
            "value": 1.3565058708190918,
            "min": 1.3565058708190918,
            "max": 1.414446473121643,
            "count": 10
        },
        "MyBehavior.Policy.Entropy.sum": {
            "value": 67771.03125,
            "min": 67771.03125,
            "max": 71005.2109375,
            "count": 10
        },
        "MyBehavior.Environment.EpisodeLength.mean": {
            "value": 578.5308641975308,
            "min": 41.34295415959253,
            "max": 586.3522727272727,
            "count": 10
        },
        "MyBehavior.Environment.EpisodeLength.sum": {
            "value": 46861.0,
            "min": 46861.0,
            "max": 51599.0,
            "count": 10
        },
        "MyBehavior.Policy.ExtrinsicValueEstimate.mean": {
            "value": 7.897775173187256,
            "min": -0.35824456810951233,
            "max": 7.897775173187256,
            "count": 10
        },
        "MyBehavior.Policy.ExtrinsicValueEstimate.sum": {
            "value": 6499.869140625,
            "min": -492.22802734375,
            "max": 6499.869140625,
            "count": 10
        },
        "MyBehavior.Environment.CumulativeReward.mean": {
            "value": 57.05679497895417,
            "min": 3.1325403696009944,
            "max": 57.82273218306628,
            "count": 10
        },
        "MyBehavior.Environment.CumulativeReward.sum": {
            "value": 4621.600393295288,
            "min": 3687.0000150203705,
            "max": 5088.400432109833,
            "count": 10
        },
        "MyBehavior.Policy.ExtrinsicReward.mean": {
            "value": 57.05679497895417,
            "min": 3.1325403696009944,
            "max": 57.82273218306628,
            "count": 10
        },
        "MyBehavior.Policy.ExtrinsicReward.sum": {
            "value": 4621.600393295288,
            "min": 3687.0000150203705,
            "max": 5088.400432109833,
            "count": 10
        },
        "MyBehavior.Losses.PolicyLoss.mean": {
            "value": 0.02460156033543171,
            "min": 0.020854422445020948,
            "max": 0.026519872203158833,
            "count": 10
        },
        "MyBehavior.Losses.PolicyLoss.sum": {
            "value": 0.12300780167715857,
            "min": 0.08808204836871786,
            "max": 0.13259936101579417,
            "count": 10
        },
        "MyBehavior.Losses.ValueLoss.mean": {
            "value": 0.8343220472335815,
            "min": 0.43694095077613987,
            "max": 0.9616667266686756,
            "count": 10
        },
        "MyBehavior.Losses.ValueLoss.sum": {
            "value": 4.171610236167908,
            "min": 1.7477638031045595,
            "max": 4.808333633343378,
            "count": 10
        },
        "MyBehavior.Policy.LearningRate.mean": {
            "value": 1.646697451104e-05,
            "min": 1.646697451104e-05,
            "max": 0.0002846109051297,
            "count": 10
        },
        "MyBehavior.Policy.LearningRate.sum": {
            "value": 8.23348725552e-05,
            "min": 8.23348725552e-05,
            "max": 0.001284624071792,
            "count": 10
        },
        "MyBehavior.Policy.Epsilon.mean": {
            "value": 0.10548895999999999,
            "min": 0.10548895999999999,
            "max": 0.19487030000000002,
            "count": 10
        },
        "MyBehavior.Policy.Epsilon.sum": {
            "value": 0.5274447999999999,
            "min": 0.5001024,
            "max": 0.928208,
            "count": 10
        },
        "MyBehavior.Policy.Beta.mean": {
            "value": 0.00028389910399999996,
            "min": 0.00028389910399999996,
            "max": 0.004744027969999999,
            "count": 10
        },
        "MyBehavior.Policy.Beta.sum": {
            "value": 0.0014194955199999999,
            "min": 0.0014194955199999999,
            "max": 0.021417579200000002,
            "count": 10
        },
        "MyBehavior.IsTraining.mean": {
            "value": 1.0,
            "min": 1.0,
            "max": 1.0,
            "count": 10
        },
        "MyBehavior.IsTraining.sum": {
            "value": 1.0,
            "min": 1.0,
            "max": 1.0,
            "count": 10
        }
    },
    "metadata": {
        "timer_format_version": "0.1.0",
        "start_time_seconds": "1625865133",
        "python_version": "3.7.9 (default, Aug 31 2020, 17:10:11) [MSC v.1916 64 bit (AMD64)]",
        "command_line_arguments": "C:\\Users\\Apex\\anaconda3\\envs\\ml-agents\\Scripts\\mlagents-learn config/PrototypeML.yaml --run-id=ML_AGENTv2",
        "mlagents_version": "0.24.0",
        "mlagents_envs_version": "0.24.0",
        "communication_protocol_version": "1.4.0",
        "pytorch_version": "1.7.0+cu110",
        "numpy_version": "1.20.1",
        "end_time_seconds": "1625865595"
    },
    "total": 462.4492906,
    "count": 1,
    "self": 0.006800300000008974,
    "children": {
        "run_training.setup": {
            "total": 0.11672450000000001,
            "count": 1,
            "self": 0.11672450000000001
        },
        "TrainerController.start_learning": {
            "total": 462.3257658,
            "count": 1,
            "self": 0.923465600002146,
            "children": {
                "TrainerController._reset_env": {
                    "total": 21.532771500000003,
                    "count": 1,
                    "self": 21.532771500000003
                },
                "TrainerController.advance": {
                    "total": 439.8067565999978,
                    "count": 52543,
                    "self": 0.48736729999615136,
                    "children": {
                        "env_step": {
                            "total": 439.31938930000166,
                            "count": 52543,
                            "self": 308.00175619999516,
                            "children": {
                                "SubprocessEnvManager._take_step": {
                                    "total": 130.80028610000178,
                                    "count": 52543,
                                    "self": 2.137668600005412,
                                    "children": {
                                        "TorchPolicy.evaluate": {
                                            "total": 128.66261749999637,
                                            "count": 50028,
                                            "self": 47.95504569999373,
                                            "children": {
                                                "TorchPolicy.sample_actions": {
                                                    "total": 80.70757180000264,
                                                    "count": 50028,
                                                    "self": 80.70757180000264
                                                }
                                            }
                                        }
                                    }
                                },
                                "workers": {
                                    "total": 0.5173470000047544,
                                    "count": 52543,
                                    "self": 0.0,
                                    "children": {
                                        "worker_root": {
                                            "total": 440.94235060000926,
                                            "count": 52543,
                                            "is_parallel": true,
                                            "self": 186.7054920000122,
                                            "children": {
                                                "steps_from_proto": {
                                                    "total": 0.00043780000000026575,