{
    "name": "root",
    "gauges": {
        "AI_AGENT.Policy.Entropy.mean": {
            "value": 1.1820162534713745,
            "min": 1.0674567222595215,
            "max": 1.374941349029541,
            "count": 50
        },
        "AI_AGENT.Policy.Entropy.sum": {
            "value": 11616.85546875,
            "min": 10708.7255859375,
            "max": 13908.9072265625,
            "count": 50
        },
        "AI_AGENT.Environment.EpisodeLength.mean": {
            "value": 26.820809248554912,
            "min": 19.19277108433735,
            "max": 28.419354838709676,
            "count": 50
        },
        "AI_AGENT.Environment.EpisodeLength.sum": {
            "value": 9280.0,
            "min": 9207.0,
            "max": 9906.0,
            "count": 50
        },
        "AI_AGENT.Policy.ExtrinsicValueEstimate.mean": {
            "value": 3.3128676414489746,
            "min": 0.30447933077812195,
            "max": 3.4704155921936035,
            "count": 50
        },
        "AI_AGENT.Policy.ExtrinsicValueEstimate.sum": {
            "value": 1199.258056640625,
            "min": 150.71726989746094,
            "max": 1558.216552734375,
            "count": 50
        },
        "AI_AGENT.Policy.GailValueEstimate.mean": {
            "value": 0.9726210236549377,
            "min": 0.5023425817489624,
            "max": 1.1051362752914429,
            "count": 50
        },
        "AI_AGENT.Policy.GailValueEstimate.sum": {
            "value": 352.08880615234375,
            "min": 206.0328369140625,
            "max": 496.2062072753906,
            "count": 50
        },
        "AI_AGENT.Environment.CumulativeReward.mean": {
            "value": 1.6799442012662011,
            "min": 0.9193939246914603,
            "max": 1.8405881278655107,
            "count": 50
        },
        "AI_AGENT.Environment.CumulativeReward.sum": {
            "value": 603.0999682545662,
            "min": 455.0999927222729,
            "max": 625.7999634742737,
            "count": 50
        },
        "AI_AGENT.Policy.ExtrinsicReward.mean": {
            "value": 1.6799442012662011,
            "min": 0.9193939246914603,
            "max": 1.8405881278655107,
            "count": 50
        },
        "AI_AGENT.Policy.ExtrinsicReward.sum": {
            "value": 603.0999682545662,
            "min": 455.0999927222729,
            "max": 625.7999634742737,
            "count": 50
        },
        "AI_AGENT.Policy.GailReward.mean": {
            "value": 0.044675499740518626,
            "min": 0.036459383467502895,
            "max": 0.11384901762036126,
            "count": 50
        },
        "AI_AGENT.Policy.GailReward.sum": {
            "value": 16.038504406846187,
            "min": 13.781646950716095,
            "max": 48.87961781444028,
            "count": 50
        },
        "AI_AGENT.Losses.PolicyLoss.mean": {
            "value": 0.8576211959123612,
            "min": 0.20708919160016293,
            "max": 1.143503952688641,
            "count": 50
        },
        "AI_AGENT.Losses.PolicyLoss.sum": {
            "value": 1.7152423918247224,
            "min": 0.6212675748004888,
            "max": 3.4305118580659233,
            "count": 50
        },
        "AI_AGENT.Losses.ValueLoss.mean": {
            "value": 0.00243027192967323,
            "min": 0.0018948250265869624,
            "max": 0.07003908433640997,
            "count": 50
        },
        "AI_AGENT.Losses.ValueLoss.sum": {
            "value": 0.00486054385934646,
            "min": 0.0037896500531739248,
            "max": 0.14007816867281994,
            "count": 50
        },
        "AI_AGENT.Policy.LearningRate.mean": {
            "value": 2.182899272400001e-06,
            "min": 2.182899272400001e-06,
            "max": 0.00029695620101459995,
            "count": 50
        },
        "AI_AGENT.Policy.LearningRate.sum": {
            "value": 4.365798544800002e-06,
            "min": 4.365798544800002e-06,
            "max": 0.0008754840081720001,
            "count": 50
        },
        "AI_AGENT.Policy.Epsilon.mean": {
            "value": 0.1007276,
            "min": 0.1007276,
            "max": 0.19898539999999998,
            "count": 50
        },
        "AI_AGENT.Policy.Epsilon.sum": {
            "value": 0.2014552,
            "min": 0.2014552,
            "max": 0.5918280000000001,
            "count": 50
        },
        "AI_AGENT.Policy.Beta.mean": {
            "value": 4.630724000000002e-05,
            "min": 4.630724000000002e-05,
            "max": 0.004949371459999999,
            "count": 50
        },
        "AI_AGENT.Policy.Beta.sum": {
            "value": 9.261448000000004e-05,
            "min": 9.261448000000004e-05,
            "max": 0.014592217200000004,
            "count": 50
        },
        "AI_AGENT.Policy.GAILPolicyEstimate.mean": {
            "value": 0.050255095337828,
            "min": 0.04958249107003212,
            "max": 0.4482203846176466,
            "count": 50
        },
        "AI_AGENT.Policy.GAILPolicyEstimate.sum": {
            "value": 0.100510190675656,
            "min": 0.09916498214006424,
            "max": 1.201875709493955,
            "count": 50
        },
        "AI_AGENT.Policy.GAILExpertEstimate.mean": {
            "value": 0.9612349291642507,
            "min": 0.7338562722007433,
            "max": 0.9612349291642507,
            "count": 50
        },
        "AI_AGENT.Policy.GAILExpertEstimate.sum": {
            "value": 1.9224698583285014,
            "min": 1.4677125444014867,
            "max": 2.880032285054525,
            "count": 50
        },
        "AI_AGENT.Losses.GAILLoss.mean": {
            "value": 0.10530882204572359,
            "min": 0.10382719834645589,
            "max": 0.9462102880080541,
            "count": 50
        },
        "AI_AGENT.Losses.GAILLoss.sum": {
            "value": 0.21061764409144718,
            "min": 0.20765439669291177,
            "max": 2.3881753027439117,
            "count": 50
        },
        "AI_AGENT.Policy.GAILGradMagLoss.mean": {
            "value": 0.047453357558697465,
            "min": 0.047453357558697465,
            "max": 8.387213444709777,
            "count": 50
        },
        "AI_AGENT.Policy.GAILGradMagLoss.sum": {
            "value": 0.09490671511739493,
            "min": 0.09490671511739493,
            "max": 16.774426889419555,
            "count": 50
        },
        "AI_AGENT.IsTraining.mean": {
            "value": 1.0,
            "min": 1.0,
            "max": 1.0,
            "count": 50
        },
        "AI_AGENT.IsTraining.sum": {
            "value": 1.0,
            "min": 1.0,
            "max": 1.0,
            "count": 50
        }
    },
    "metadata": {
        "timer_format_version": "0.1.0",
        "start_time_seconds": "1626288765",
        "python_version": "3.7.9 (default, Aug 31 2020, 17:10:11) [MSC v.1916 64 bit (AMD64)]",
        "command_line_arguments": "C:\\Users\\Apex\\anaconda3\\envs\\ml-agents\\Scripts\\mlagents-learn Config\\PrototypeML.yaml --run-id=ML_AGENTSv22",
        "mlagents_version": "0.24.0",
        "mlagents_envs_version": "0.24.0",
        "communication_protocol_version": "1.4.0",
        "pytorch_version": "1.7.0+cu110",
        "numpy_version": "1.20.1",
        "end_time_seconds": "1626289326"
    },
    "total": 560.4565051999999,
    "count": 1,
    "self": 0.006625899999903595,
    "children": {
        "run_training.setup": {
            "total": 0.12670329999999985,
            "count": 1,
            "self": 0.12670329999999985
        },
        "TrainerController.start_learning": {
            "total": 560.323176,
            "count": 1,
            "self": 1.0456903000003877,
            "children": {
                "TrainerController._reset_env": {
                    "total": 11.0805676,
                    "count": 1,
                    "self": 10.698655700000002,