{
    "name": "root",
    "gauges": {
        "MyBehavior.Policy.Entropy.mean": {
            "value": 1.370475172996521,
            "min": 1.370475172996521,
            "max": 1.421087384223938,
            "count": 10
        },
        "MyBehavior.Policy.Entropy.sum": {
            "value": 68545.6875,
            "min": 68529.390625,
            "max": 71341.4296875,
            "count": 10
        },
        "MyBehavior.Environment.EpisodeLength.mean": {
            "value": 81.36092715231788,
            "min": 29.233373639661426,
            "max": 89.91107078039927,
            "count": 10
        },
        "MyBehavior.Environment.EpisodeLength.sum": {
            "value": 49142.0,
            "min": 48352.0,
            "max": 49579.0,
            "count": 10
        },
        "MyBehavior.Policy.ExtrinsicValueEstimate.mean": {
            "value": 2.493781566619873,
            "min": 0.5753096342086792,
            "max": 2.8116514682769775,
            "count": 10
        },
        "MyBehavior.Policy.ExtrinsicValueEstimate.sum": {
            "value": 2713.234375,
            "min": 979.177001953125,
            "max": 2946.61083984375,
            "count": 10
        },
        "MyBehavior.Environment.CumulativeReward.mean": {
            "value": 7.132892984940001,
            "min": 1.9230489658537735,
            "max": 7.9911075665492115,
            "count": 10
        },
        "MyBehavior.Environment.CumulativeReward.sum": {
            "value": 4315.4002558887005,
            "min": 3178.7999405562878,
            "max": 4403.100269168615,
            "count": 10
        },
        "MyBehavior.Policy.ExtrinsicReward.mean": {
            "value": 7.132892984940001,
            "min": 1.9230489658537735,
            "max": 7.9911075665492115,
            "count": 10
        },
        "MyBehavior.Policy.ExtrinsicReward.sum": {
            "value": 4315.4002558887005,
            "min": 3178.7999405562878,
            "max": 4403.100269168615,
            "count": 10
        },
        "MyBehavior.Losses.PolicyLoss.mean": {
            "value": 0.02326818383056282,
            "min": 0.021113883811049162,
            "max": 0.025874373301630837,
            "count": 10
        },
        "MyBehavior.Losses.PolicyLoss.sum": {
            "value": 0.11634091915281411,
            "min": 0.08765832100762054,
            "max": 0.1293718665081542,
            "count": 10
        },
        "MyBehavior.Losses.ValueLoss.mean": {
            "value": 0.873035007317861,
            "min": 0.46602519651254015,
            "max": 0.8980776190757751,
            "count": 10
        },
        "MyBehavior.Losses.ValueLoss.sum": {
            "value": 4.365175036589305,
            "min": 1.9590804855028787,
            "max": 4.365175036589305,
            "count": 10
        },
        "MyBehavior.Policy.LearningRate.mean": {
            "value": 1.642857452384e-05,
            "min": 1.642857452384e-05,
            "max": 0.00028460550513149995,
            "count": 10
        },
        "MyBehavior.Policy.LearningRate.sum": {
            "value": 8.21428726192e-05,
            "min": 8.21428726192e-05,
            "max": 0.0012844002718665998,
            "count": 10
        },
        "MyBehavior.Policy.Epsilon.mean": {
            "value": 0.10547616000000001,
            "min": 0.10547616000000001,
            "max": 0.19486849999999997,
            "count": 10
        },
        "MyBehavior.Policy.Epsilon.sum": {
            "value": 0.5273808000000001,
            "min": 0.4999458000000001,
            "max": 0.9281334,
            "count": 10
        },
        "MyBehavior.Policy.Beta.mean": {
            "value": 0.000283260384,
            "min": 0.000283260384,
            "max": 0.00474393815,
            "count": 10
        },
        "MyBehavior.Policy.Beta.sum": {
            "value": 0.00141630192,
            "min": 0.00141630192,
            "max": 0.021413856659999994,
            "count": 10
        },
        "MyBehavior.IsTraining.mean": {
            "value": 1.0,
            "min": 1.0,
            "max": 1.0,
            "count": 10
        },
        "MyBehavior.IsTraining.sum": {
            "value": 1.0,
            "min": 1.0,
            "max": 1.0,
            "count": 10
        }
    },
    "metadata": {
        "timer_format_version": "0.1.0",
        "start_time_seconds": "1625863787",
        "python_version": "3.7.9 (default, Aug 31 2020, 17:10:11) [MSC v.1916 64 bit (AMD64)]",
        "command_line_arguments": "C:\\Users\\Apex\\anaconda3\\envs\\ml-agents\\Scripts\\mlagents-learn config/PrototypeML.yaml --run-id=ML_AGENT",
        "mlagents_version": "0.24.0",
        "mlagents_envs_version": "0.24.0",
        "communication_protocol_version": "1.4.0",
        "pytorch_version": "1.7.0+cu110",
        "numpy_version": "1.20.1",
        "end_time_seconds": "1625864486"
    },
    "total": 699.4464569,
    "count": 1,
    "self": 0.006208199999946373,
    "children": {
        "run_training.setup": {
            "total": 0.12005450000000006,
            "count": 1,
            "self": 0.12005450000000006
        },
        "TrainerController.start_learning": {
            "total": 699.3201942000001,
            "count": 1,
            "self": 1.4761705999910646,
            "children": {
                "TrainerController._reset_env": {
                    "total": 44.457779,
                    "count": 1,
                    "self": 44.457779
                },
                "TrainerController.advance": {
                    "total": 653.321156500009,
                    "count": 89646,
                    "self": 0.811454800013621,
                    "children": {
                        "env_step": {
                            "total": 652.5097016999954,
                            "count": 89646,
                            "self": 445.8603223999911,
                            "children": {
                                "SubprocessEnvManager._take_step": {
                                    "total": 205.80091850000605,
                                    "count": 89646,
                                    "self": 3.2971522999984018,
                                    "children": {
                                        "TorchPolicy.evaluate": {
                                            "total": 202.50376620000765,
                                            "count": 83370,
                                            "self": 71.78695150000192,
                                            "children": {
                                                "TorchPolicy.sample_actions": {
                                                    "total": 130.71681470000573,
                                                    "count": 83370,
                                                    "self": 130.71681470000573
                                                }
                                            }
                                        }
                                    }
                                },
                                "workers": {
                                    "total": 0.848460799998243,
                                    "count": 89646,
                                    "self": 0.0,
                                    "children": {
                                        "worker_root": {
                                            "total": 654.0406419000038,
                                            "count": 89646,
                                            "is_parallel": true,
                                            "self": 276.9975417000077,
                                            "children": {
                                                "steps_from_proto": {
                                                    "total": 0.0003276999999997088,
                                                    "count": 1,