{
    "name": "root",
    "gauges": {
        "MyBehavior.Policy.Entropy.mean": {
            "value": 0.6340646147727966,
            "min": 0.6140755414962769,
            "max": 1.3491108417510986,
            "count": 10
        },
        "MyBehavior.Policy.Entropy.sum": {
            "value": 31646.1640625,
            "min": 30660.79296875,
            "max": 67846.78125,
            "count": 10
        },
        "MyBehavior.Environment.EpisodeLength.mean": {
            "value": 598.1976744186046,
            "min": 55.13995485327314,
            "max": 598.1976744186046,
            "count": 10
        },
        "MyBehavior.Environment.EpisodeLength.sum": {
            "value": 51445.0,
            "min": 47199.0,
            "max": 51658.0,
            "count": 10
        },
        "MyBehavior.Policy.ExtrinsicValueEstimate.mean": {
            "value": 8.393208503723145,
            "min": 1.1958967447280884,
            "max": 8.393208503723145,
            "count": 10
        },
        "MyBehavior.Policy.ExtrinsicValueEstimate.sum": {
            "value": 6890.82421875,
            "min": 1462.581787109375,
            "max": 6890.82421875,
            "count": 10
        },
        "MyBehavior.Environment.CumulativeReward.mean": {
            "value": 59.3329462601858,
            "min": 4.500339512237057,
            "max": 59.3329462601858,
            "count": 10
        },
        "MyBehavior.Environment.CumulativeReward.sum": {
            "value": 5043.300432115793,
            "min": 3978.3001288175583,
            "max": 5043.300432115793,
            "count": 10
        },
        "MyBehavior.Policy.ExtrinsicReward.mean": {
            "value": 59.3329462601858,
            "min": 4.500339512237057,
            "max": 59.3329462601858,
            "count": 10
        },
        "MyBehavior.Policy.ExtrinsicReward.sum": {
            "value": 5043.300432115793,
            "min": 3978.3001288175583,
            "max": 5043.300432115793,
            "count": 10
        },
        "MyBehavior.Losses.PolicyLoss.mean": {
            "value": 0.022809958187863227,
            "min": 0.021346177044324576,
            "max": 0.026034105590855082,
            "count": 10
        },
        "MyBehavior.Losses.PolicyLoss.sum": {
            "value": 0.11404979093931614,
            "min": 0.0898054469997684,
            "max": 0.13017052795427542,
            "count": 10
        },
        "MyBehavior.Losses.ValueLoss.mean": {
            "value": 0.9210084597269695,
            "min": 0.6210287387172382,
            "max": 1.002972337404887,
            "count": 10
        },
        "MyBehavior.Losses.ValueLoss.sum": {
            "value": 4.605042298634848,
            "min": 2.647496461868286,
            "max": 5.0148616870244345,
            "count": 10
        },
        "MyBehavior.Policy.LearningRate.mean": {
            "value": 1.6267294577599996e-05,
            "min": 1.6267294577599996e-05,
            "max": 0.0002845464051512,
            "count": 10
        },
        "MyBehavior.Policy.LearningRate.sum": {
            "value": 8.133647288799998e-05,
            "min": 8.133647288799998e-05,
            "max": 0.0012841146719617998,
            "count": 10
        },
        "MyBehavior.Policy.Epsilon.mean": {
            "value": 0.1054224,
            "min": 0.1054224,
            "max": 0.1948488,
            "count": 10
        },
        "MyBehavior.Policy.Epsilon.sum": {
            "value": 0.527112,
            "min": 0.49981280000000017,
            "max": 0.9280382,
            "count": 10
        },
        "MyBehavior.Policy.Beta.mean": {
            "value": 0.00028057775999999995,
            "min": 0.00028057775999999995,
            "max": 0.00474295512,
            "count": 10
        },
        "MyBehavior.Policy.Beta.sum": {
            "value": 0.0014028887999999998,
            "min": 0.0014028887999999998,
            "max": 0.02140910618,
            "count": 10
        },
        "MyBehavior.IsTraining.mean": {
            "value": 1.0,
            "min": 1.0,
            "max": 1.0,
            "count": 10
        },
        "MyBehavior.IsTraining.sum": {
            "value": 1.0,
            "min": 1.0,
            "max": 1.0,
            "count": 10
        }
    },
    "metadata": {
        "timer_format_version": "0.1.0",
        "start_time_seconds": "1625868384",
        "python_version": "3.7.9 (default, Aug 31 2020, 17:10:11) [MSC v.1916 64 bit (AMD64)]",
        "command_line_arguments": "C:\\Users\\Apex\\anaconda3\\envs\\ml-agents\\Scripts\\mlagents-learn config/PrototypeML.yaml --run-id=ML_AGENTv4",
        "mlagents_version": "0.24.0",
        "mlagents_envs_version": "0.24.0",
        "communication_protocol_version": "1.4.0",
        "pytorch_version": "1.7.0+cu110",
        "numpy_version": "1.20.1",
        "end_time_seconds": "1625868845"
    },
    "total": 461.26143490000004,
    "count": 1,
    "self": 0.005861900000070364,
    "children": {
        "run_training.setup": {
            "total": 0.12175590000000003,
            "count": 1,
            "self": 0.12175590000000003
        },
        "TrainerController.start_learning": {
            "total": 461.1338171,
            "count": 1,
            "self": 0.9231512000025646,
            "children": {
                "TrainerController._reset_env": {
                    "total": 18.5261946,
                    "count": 1,
                    "self": 18.5261946
                },
                "TrainerController.advance": {
                    "total": 441.61501939999744,
                    "count": 51690,
                    "self": 0.47959819999539377,
                    "children": {
                        "env_step": {
                            "total": 441.13542120000204,
                            "count": 51690,
                            "self": 309.0039455000066,
                            "children": {
                                "SubprocessEnvManager._take_step": {
                                    "total": 131.61805229999686,
                                    "count": 51690,
                                    "self": 2.123576499991202,
                                    "children": {
                                        "TorchPolicy.evaluate": {
                                            "total": 129.49447580000566,
                                            "count": 50028,
                                            "self": 37.337244100012555,
                                            "children": {
                                                "TorchPolicy.sample_actions": {
                                                    "total": 92.1572316999931,
                                                    "count": 50028,
                                                    "self": 92.1572316999931
                                                }
                                            }
                                        }
                                    }
                                },
                                "workers": {
                                    "total": 0.5134233999986186,
                                    "count": 51690,
                                    "self": 0.0,
                                    "children": {
                                        "worker_root": {
                                            "total": 442.6465342999973,
                                            "count": 51690,
                                            "is_parallel": true,
                                            "self": 184.45174019999303,
                                            "children": {
                                                "steps_from_proto": {
                                                    "total": 0.00043150000000125033,
                                                    "count": 1,