{
    "name": "root",
    "gauges": {
        "MyBehavior.Policy.Entropy.mean": {
            "value": 0.4250795841217041,
            "min": 0.4250795841217041,
            "max": 1.3374375104904175,
            "count": 10
        },
        "MyBehavior.Policy.Entropy.sum": {
            "value": 21156.2109375,
            "min": 21156.2109375,
            "max": 67547.28125,
            "count": 10
        },
        "MyBehavior.Environment.EpisodeLength.mean": {
            "value": 104.56774193548387,
            "min": 35.15462427745665,
            "max": 104.56774193548387,
            "count": 10
        },
        "MyBehavior.Environment.EpisodeLength.sum": {
            "value": 48624.0,
            "min": 48252.0,
            "max": 50156.0,
            "count": 10
        },
        "MyBehavior.Policy.ExtrinsicValueEstimate.mean": {
            "value": 4.207991600036621,
            "min": 0.17625193297863007,
            "max": 4.207991600036621,
            "count": 10
        },
        "MyBehavior.Policy.ExtrinsicValueEstimate.sum": {
            "value": 4351.0634765625,
            "min": 261.9103698730469,
            "max": 4351.0634765625,
            "count": 10
        },
        "MyBehavior.Environment.CumulativeReward.mean": {
            "value": 10.446983384289618,
            "min": 2.510556713425415,
            "max": 10.446983384289618,
            "count": 10
        },
        "MyBehavior.Environment.CumulativeReward.sum": {
            "value": 4847.400290310383,
            "min": 3472.099934667349,
            "max": 4943.70027884841,
            "count": 10
        },
        "MyBehavior.Policy.ExtrinsicReward.mean": {
            "value": 10.446983384289618,
            "min": 2.510556713425415,
            "max": 10.446983384289618,
            "count": 10
        },
        "MyBehavior.Policy.ExtrinsicReward.sum": {
            "value": 4847.400290310383,
            "min": 3472.099934667349,
            "max": 4943.70027884841,
            "count": 10
        },
        "MyBehavior.Losses.PolicyLoss.mean": {
            "value": 0.024968468170669493,
            "min": 0.023201386441166198,
            "max": 0.02773972138141593,
            "count": 10
        },
        "MyBehavior.Losses.PolicyLoss.sum": {
            "value": 0.12484234085334747,
            "min": 0.09296101554452131,
            "max": 0.12484234085334747,
            "count": 10
        },
        "MyBehavior.Losses.ValueLoss.mean": {
            "value": 1.045755563396396,
            "min": 0.43734145442644756,
            "max": 1.045755563396396,
            "count": 10
        },
        "MyBehavior.Losses.ValueLoss.sum": {
            "value": 5.22877781698198,
            "min": 1.9321903705596923,
            "max": 5.22877781698198,
            "count": 10
        },
        "MyBehavior.Policy.LearningRate.mean": {
            "value": 1.3218335593919995e-05,
            "min": 1.3218335593919995e-05,
            "max": 0.0002845848051383999,
            "count": 10
        },
        "MyBehavior.Policy.LearningRate.sum": {
            "value": 6.609167796959998e-05,
            "min": 6.609167796959998e-05,
            "max": 0.0012844260718579998,
            "count": 10
        },
        "MyBehavior.Policy.Epsilon.mean": {
            "value": 0.10440608000000003,
            "min": 0.10440608000000003,
            "max": 0.19486160000000002,
            "count": 10
        },
        "MyBehavior.Policy.Epsilon.sum": {
            "value": 0.5220304000000001,
            "min": 0.5220304000000001,
            "max": 0.928142,
            "count": 10
        },
        "MyBehavior.Policy.Beta.mean": {
            "value": 0.00022986339199999994,
            "min": 0.00022986339199999994,
            "max": 0.004743593839999999,
            "count": 10
        },
        "MyBehavior.Policy.Beta.sum": {
            "value": 0.0011493169599999997,
            "min": 0.0011493169599999997,
            "max": 0.021414285800000002,
            "count": 10
        },
        "MyBehavior.IsTraining.mean": {
            "value": 1.0,
            "min": 1.0,
            "max": 1.0,
            "count": 10
        },
        "MyBehavior.IsTraining.sum": {
            "value": 1.0,
            "min": 1.0,
            "max": 1.0,
            "count": 10
        }
    },
    "metadata": {
        "timer_format_version": "0.1.0",
        "start_time_seconds": "1626283232",
        "python_version": "3.7.9 (default, Aug 31 2020, 17:10:11) [MSC v.1916 64 bit (AMD64)]",
        "command_line_arguments": "C:\\Users\\Apex\\anaconda3\\envs\\ml-agents\\Scripts\\mlagents-learn Config\\PrototypeML.yaml --run-id=ML_AGENTSv17",
        "mlagents_version": "0.24.0",
        "mlagents_envs_version": "0.24.0",
        "communication_protocol_version": "1.4.0",
        "pytorch_version": "1.7.0+cu110",
        "numpy_version": "1.20.1",
        "end_time_seconds": "1626283542"
    },
    "total": 310.38346889999997,
    "count": 1,
    "self": 0.006753799999955845,
    "children": {
        "run_training.setup": {
            "total": 0.12265039999999994,
            "count": 1,
            "self": 0.12265039999999994
        },
        "TrainerController.start_learning": {
            "total": 310.2540647,
            "count": 1,
            "self": 0.5807184999990795,
            "children": {
                "TrainerController._reset_env": {
                    "total": 9.9707555,
                    "count": 1,
                    "self": 9.9707555
                },
                "TrainerController.advance": {
                    "total": 299.6255643000009,
                    "count": 28027,
                    "self": 0.29868460000255936,
                    "children": {
                        "env_step": {
                            "total": 299.32687969999836,
                            "count": 28027,
                            "self": 210.96718949999615,
                            "children": {
                                "SubprocessEnvManager._take_step": {
                                    "total": 88.04297030000086,
                                    "count": 28027,
                                    "self": 1.2633167000007575,
                                    "children": {
                                        "TorchPolicy.evaluate": {
                                            "total": 86.7796536000001,
                                            "count": 23837,
                                            "self": 28.85850120000086,
                                            "children": {
                                                "TorchPolicy.sample_actions": {
                                                    "total": 57.921152399999244,
                                                    "count": 23837,
                                                    "self": 57.921152399999244
                                                }
                                            }
                                        }
                                    }
                                },
                                "workers": {
                                    "total": 0.3167199000013472,
                                    "count": 28027,
                                    "self": 0.0,
                                    "children": {
                                        "worker_root": {
                                            "total": 301.3272692000024,
                                            "count": 28027,
                                            "is_parallel": true,
                                            "self": 149.20665970000303,
                                            "children": {
                                                "steps_from_proto": {
                                                    "total": 0.004559399999999769,