{
    "name": "root",
    "gauges": {
        "MyBehavior.Policy.Entropy.mean": {
            "value": 0.9285432696342468,
            "min": 0.9285432696342468,
            "max": 1.3628407716751099,
            "count": 10
        },
        "MyBehavior.Policy.Entropy.sum": {
            "value": 46330.59375,
            "min": 46330.59375,
            "max": 68736.234375,
            "count": 10
        },
        "MyBehavior.Environment.EpisodeLength.mean": {
            "value": 6.0457433290978395,
            "min": 6.0457433290978395,
            "max": 7.794916739702016,
            "count": 10
        },
        "MyBehavior.Environment.EpisodeLength.sum": {
            "value": 42822.0,
            "min": 42822.0,
            "max": 44470.0,
            "count": 10
        },
        "MyBehavior.Policy.ExtrinsicValueEstimate.mean": {
            "value": 0.6108202338218689,
            "min": -0.10026326030492783,
            "max": 0.6108202338218689,
            "count": 10
        },
        "MyBehavior.Policy.ExtrinsicValueEstimate.sum": {
            "value": 4334.9912109375,
            "min": -569.9966430664062,
            "max": 4334.9912109375,
            "count": 10
        },
        "MyBehavior.Environment.CumulativeReward.mean": {
            "value": 0.6109623783353989,
            "min": -0.06591028893528639,
            "max": 0.6907822054446038,
            "count": 10
        },
        "MyBehavior.Environment.CumulativeReward.sum": {
            "value": 4335.999999046326,
            "min": -374.6999925971031,
            "max": 4751.200009047985,
            "count": 10
        },
        "MyBehavior.Policy.ExtrinsicReward.mean": {
            "value": 0.6109623783353989,
            "min": -0.06591028893528639,
            "max": 0.6907822054446038,
            "count": 10
        },
        "MyBehavior.Policy.ExtrinsicReward.sum": {
            "value": 4335.999999046326,
            "min": -374.6999925971031,
            "max": 4751.200009047985,
            "count": 10
        },
        "MyBehavior.Losses.PolicyLoss.mean": {
            "value": 0.021967271286994224,
            "min": 0.021967271286994224,
            "max": 0.02893866009855022,
            "count": 10
        },
        "MyBehavior.Losses.PolicyLoss.sum": {
            "value": 0.10983635643497111,
            "min": 0.09038628201621274,
            "max": 0.14469330049275111,
            "count": 10
        },
        "MyBehavior.Losses.ValueLoss.mean": {
            "value": 0.42382389307022095,
            "min": 0.42382389307022095,
            "max": 0.6555961791674296,
            "count": 10
        },
        "MyBehavior.Losses.ValueLoss.sum": {
            "value": 2.1191194653511047,
            "min": 2.031712441643079,
            "max": 3.277980895837148,
            "count": 10
        },
        "MyBehavior.Policy.LearningRate.mean": {
            "value": 1.528737490424e-05,
            "min": 1.528737490424e-05,
            "max": 0.00028457040514319996,
            "count": 10
        },
        "MyBehavior.Policy.LearningRate.sum": {
            "value": 7.64368745212e-05,
            "min": 7.64368745212e-05,
            "max": 0.0012837672720775997,
            "count": 10
        },
        "MyBehavior.Policy.Epsilon.mean": {
            "value": 0.10509576000000002,
            "min": 0.10509576000000002,
            "max": 0.1948568,
            "count": 10
        },
        "MyBehavior.Policy.Epsilon.sum": {
            "value": 0.5254788000000001,
            "min": 0.5254788000000001,
            "max": 0.9279223999999999,
            "count": 10
        },
        "MyBehavior.Policy.Beta.mean": {
            "value": 0.00026427842400000005,
            "min": 0.00026427842400000005,
            "max": 0.00474335432,
            "count": 10
        },
        "MyBehavior.Policy.Beta.sum": {
            "value": 0.0013213921200000002,
            "min": 0.0013213921200000002,
            "max": 0.02140332776,
            "count": 10
        },
        "MyBehavior.IsTraining.mean": {
            "value": 1.0,
            "min": 1.0,
            "max": 1.0,
            "count": 10
        },
        "MyBehavior.IsTraining.sum": {
            "value": 1.0,
            "min": 1.0,
            "max": 1.0,
            "count": 10
        }
    },
    "metadata": {
        "timer_format_version": "0.1.0",
        "start_time_seconds": "1625913538",
        "python_version": "3.7.9 (default, Aug 31 2020, 17:10:11) [MSC v.1916 64 bit (AMD64)]",
        "command_line_arguments": "C:\\Users\\Apex\\anaconda3\\envs\\ml-agents\\Scripts\\mlagents-learn Config\\PrototypeML.yaml --run-id=ML_AGENTv7",
        "mlagents_version": "0.24.0",
        "mlagents_envs_version": "0.24.0",
        "communication_protocol_version": "1.4.0",
        "pytorch_version": "1.7.0+cu110",
        "numpy_version": "1.20.1",
        "end_time_seconds": "1625913823"
    },
    "total": 284.3266541,
    "count": 1,
    "self": 0.005845100000044567,
    "children": {
        "run_training.setup": {
            "total": 0.1215003,
            "count": 1,
            "self": 0.1215003
        },
        "TrainerController.start_learning": {
            "total": 284.19930869999996,
            "count": 1,
            "self": 0.2344703000002255,
            "children": {
                "TrainerController._reset_env": {
                    "total": 7.7777311000000005,
                    "count": 1,
                    "self": 7.7777311000000005
                },
                "TrainerController.advance": {
                    "total": 276.11276689999977,
                    "count": 10358,
                    "self": 0.11528390000057698,
                    "children": {
                        "env_step": {
                            "total": 275.9974829999992,
                            "count": 10358,
                            "self": 243.47566090000066,
                            "children": {
                                "SubprocessEnvManager._take_step": {
                                    "total": 32.40297619999987,
                                    "count": 10358,
                                    "self": 0.7020721999985788,
                                    "children": {
                                        "TorchPolicy.evaluate": {
                                            "total": 31.70090400000129,
                                            "count": 9265,
                                            "self": 10.916145400003185,
                                            "children": {
                                                "TorchPolicy.sample_actions": {
                                                    "total": 20.784758599998106,
                                                    "count": 9265,
                                                    "self": 20.784758599998106
                                                }
                                            }
                                        }
                                    }
                                },
                                "workers": {
                                    "total": 0.11884589999866968,
                                    "count": 10358,
                                    "self": 0.0,
                                    "children": {
                                        "worker_root": {
                                            "total": 277.20523950000177,
                                            "count": 10358,
                                            "is_parallel": true,
                                            "self": 170.54720460000294,
                                            "children": {
                                                "steps_from_proto": {
                                                    "total": 0.0013182000000000471,