{
    "name": "root",
    "gauges": {
        "AI_AGENT.Policy.Entropy.mean": {
            "value": 0.5758230686187744,
            "min": 0.5758230686187744,
            "max": 1.3767322301864624,
            "count": 29
        },
        "AI_AGENT.Policy.Entropy.sum": {
            "value": 6343.2666015625,
            "min": 5689.15673828125,
            "max": 16157.330078125,
            "count": 29
        },
        "AI_AGENT.Environment.EpisodeLength.mean": {
            "value": 69.4054054054054,
            "min": 34.26449275362319,
            "max": 80.72388059701493,
            "count": 29
        },
        "AI_AGENT.Environment.EpisodeLength.sum": {
            "value": 10272.0,
            "min": 8939.0,
            "max": 10817.0,
            "count": 29
        },
        "AI_AGENT.Policy.ExtrinsicValueEstimate.mean": {
            "value": 4.092954158782959,
            "min": 0.7028988003730774,
            "max": 4.092954158782959,
            "count": 29
        },
        "AI_AGENT.Policy.ExtrinsicValueEstimate.sum": {
            "value": 929.1005859375,
            "min": 206.65225219726562,
            "max": 1053.041259765625,
            "count": 29
        },
        "AI_AGENT.Policy.GailValueEstimate.mean": {
            "value": -0.0026817922480404377,
            "min": -1.1156154870986938,
            "max": -0.0024228401016443968,
            "count": 29
        },
        "AI_AGENT.Policy.GailValueEstimate.sum": {
            "value": -0.6087668538093567,
            "min": -327.990966796875,
            "max": -0.5596760511398315,
            "count": 29
        },
        "AI_AGENT.Environment.CumulativeReward.mean": {
            "value": 5.977931299086275,
            "min": 2.4237225478800544,
            "max": 7.106818561301087,
            "count": 29
        },
        "AI_AGENT.Environment.CumulativeReward.sum": {
            "value": 866.8000383675098,
            "min": 664.0999781191349,
            "max": 938.1000500917435,
            "count": 29
        },
        "AI_AGENT.Policy.ExtrinsicReward.mean": {
            "value": 5.977931299086275,
            "min": 2.4237225478800544,
            "max": 7.106818561301087,
            "count": 29
        },
        "AI_AGENT.Policy.ExtrinsicReward.sum": {
            "value": 866.8000383675098,
            "min": 664.0999781191349,
            "max": 938.1000500917435,
            "count": 29
        },
        "AI_AGENT.Policy.GailReward.mean": {
            "value": 0.012287692842826424,
            "min": 0.012287692842826424,
            "max": 0.2145246606554673,
            "count": 29
        },
        "AI_AGENT.Policy.GailReward.sum": {
            "value": 1.7817154622098315,
            "min": 1.7817154622098315,
            "max": 58.77975701959804,
            "count": 29
        },
        "AI_AGENT.Losses.PolicyLoss.mean": {
            "value": 0.2462166838503132,
            "min": 0.17996826749294997,
            "max": 0.5746360427389542,
            "count": 29
        },
        "AI_AGENT.Losses.PolicyLoss.sum": {
            "value": 0.4924333677006264,
            "min": 0.17996826749294997,
            "max": 1.10348429530859,
            "count": 29
        },
        "AI_AGENT.Losses.ValueLoss.mean": {
            "value": 0.05614147021745643,
            "min": 0.02820807651927074,
            "max": 0.25820835729440056,
            "count": 29
        },
        "AI_AGENT.Losses.ValueLoss.sum": {
            "value": 0.11228294043491285,
            "min": 0.02820807651927074,
            "max": 0.35054098839561143,
            "count": 29
        },
        "AI_AGENT.Policy.LearningRate.mean": {
            "value": 0.0003,
            "min": 0.0003,
            "max": 0.0003,
            "count": 29
        },
        "AI_AGENT.Policy.LearningRate.sum": {
            "value": 0.0006,
            "min": 0.0003,
            "max": 0.0006,
            "count": 29
        },
        "AI_AGENT.Policy.Epsilon.mean": {
            "value": 0.20000000000000007,
            "min": 0.20000000000000007,
            "max": 0.20000000000000007,
            "count": 29
        },
        "AI_AGENT.Policy.Epsilon.sum": {
            "value": 0.40000000000000013,
            "min": 0.20000000000000007,
            "max": 0.40000000000000013,
            "count": 29
        },
        "AI_AGENT.Policy.Beta.mean": {
            "value": 0.005000000000000001,
            "min": 0.005000000000000001,
            "max": 0.005000000000000001,
            "count": 29
        },
        "AI_AGENT.Policy.Beta.sum": {
            "value": 0.010000000000000002,
            "min": 0.005000000000000001,
            "max": 0.010000000000000002,
            "count": 29
        },
        "AI_AGENT.Policy.GAILPolicyEstimate.mean": {
            "value": 0.02242900999262929,
            "min": 0.02242900999262929,
            "max": 0.3648075530926386,
            "count": 29
        },
        "AI_AGENT.Policy.GAILPolicyEstimate.sum": {
            "value": 0.04485801998525858,
            "min": 0.025462324358522893,
            "max": 0.5956034302711486,
            "count": 29
        },
        "AI_AGENT.Policy.GAILExpertEstimate.mean": {
            "value": 0.9887198438247045,
            "min": 0.6435024718443553,
            "max": 0.9887198438247045,
            "count": 29
        },
        "AI_AGENT.Policy.GAILExpertEstimate.sum": {
            "value": 1.977439687649409,
            "min": 0.6435024718443553,
            "max": 1.977439687649409,
            "count": 29
        },
        "AI_AGENT.Losses.GAILLoss.mean": {
            "value": 0.03418313382814328,
            "min": 0.03418313382814328,
            "max": 0.9558622459570567,
            "count": 29
        },
        "AI_AGENT.Losses.GAILLoss.sum": {
            "value": 0.06836626765628656,
            "min": 0.03757253028452397,
            "max": 1.1137739032506944,
            "count": 29
        },
        "AI_AGENT.Policy.GAILGradMagLoss.mean": {
            "value": 0.043049330202241734,
            "min": 0.043049330202241734,
            "max": 9.43086732228597,
            "count": 29
        },
        "AI_AGENT.Policy.GAILGradMagLoss.sum": {
            "value": 0.08609866040448347,
            "min": 0.04663320171336333,
            "max": 12.19490483601888,
            "count": 29
        },
        "AI_AGENT.Losses.PretrainingLoss.mean": {
            "value": 0.0,
            "min": 0.0,
            "max": 0.6608734627564748,
            "count": 29
        },
        "AI_AGENT.Losses.PretrainingLoss.sum": {
            "value": 0.0,
            "min": 0.0,
            "max": 1.284689555565516,
            "count": 29
        },
        "AI_AGENT.IsTraining.mean": {
            "value": 1.0,
            "min": 1.0,
            "max": 1.0,
            "count": 29
        },
        "AI_AGENT.IsTraining.sum": {
            "value": 1.0,
            "min": 1.0,
            "max": 1.0,
            "count": 29
        }
    },
    "metadata": {
        "timer_format_version": "0.1.0",
        "start_time_seconds": "1626294369",
        "python_version": "3.7.9 (default, Aug 31 2020, 17:10:11) [MSC v.1916 64 bit (AMD64)]",
        "command_line_arguments": "C:\\Users\\Apex\\anaconda3\\envs\\ml-agents\\Scripts\\mlagents-learn Config\\PrototypeML.yaml --run-id=ML_AGENTSv31",
        "mlagents_version": "0.24.0",
        "mlagents_envs_version": "0.24.0",
        "communication_protocol_version": "1.4.0",
        "pytorch_version": "1.7.0+cu110",
        "numpy_version": "1.20.1",
        "end_time_seconds": "1626294531"
    },
    "total": 162.1742465,
    "count": 1,
    "self": 0.005649799999986271,
    "children": {
        "run_training.setup": {
            "total": 0.12002239999999997,
            "count": 1,
            "self": 0.12002239999999997
        },
        "TrainerController.start_learning": {
            "total": 162.0485743,