{
    "name": "root",
    "gauges": {
        "AI_AGENT.Policy.Entropy.mean": {
            "value": 0.12592308223247528,
            "min": 0.12592308223247528,
            "max": 1.3786845207214355,
            "count": 115
        },
        "AI_AGENT.Policy.Entropy.sum": {
            "value": 1305.570556640625,
            "min": 1305.570556640625,
            "max": 15882.4462890625,
            "count": 115
        },
        "AI_AGENT.Environment.EpisodeLength.mean": {
            "value": 51.73575129533679,
            "min": 32.162962962962965,
            "max": 60.72781065088758,
            "count": 115
        },
        "AI_AGENT.Environment.EpisodeLength.sum": {
            "value": 9985.0,
            "min": 8684.0,
            "max": 10869.0,
            "count": 115
        },
        "AI_AGENT.Policy.ExtrinsicValueEstimate.mean": {
            "value": -0.6381927132606506,
            "min": -0.9653589725494385,
            "max": -0.031216584146022797,
            "count": 115
        },
        "AI_AGENT.Policy.ExtrinsicValueEstimate.sum": {
            "value": -153.804443359375,
            "min": -252.67410278320312,
            "max": -9.48984146118164,
            "count": 115
        },
        "AI_AGENT.Policy.GailValueEstimate.mean": {
            "value": -2.9355599880218506,
            "min": -3.779042959213257,
            "max": -0.5605940222740173,
            "count": 115
        },
        "AI_AGENT.Policy.GailValueEstimate.sum": {
            "value": -707.469970703125,
            "min": -977.9051513671875,
            "max": -172.5936737060547,
            "count": 115
        },
        "AI_AGENT.Environment.CumulativeReward.mean": {
            "value": 4.509947808469153,
            "min": 2.2135714153093953,
            "max": 5.292453053987251,
            "count": 115
        },
        "AI_AGENT.Environment.CumulativeReward.sum": {
            "value": 861.4000314176083,
            "min": 619.7999962866306,
            "max": 880.0000303983688,
            "count": 115
        },
        "AI_AGENT.Policy.ExtrinsicReward.mean": {
            "value": 4.509947808469153,
            "min": 2.2135714153093953,
            "max": 5.292453053987251,
            "count": 115
        },
        "AI_AGENT.Policy.ExtrinsicReward.sum": {
            "value": 861.4000314176083,
            "min": 619.7999962866306,
            "max": 880.0000303983688,
            "count": 115
        },
        "AI_AGENT.Policy.GailReward.mean": {
            "value": 0.04902183874535371,
            "min": 0.038172472345195274,
            "max": 0.46516166342069104,
            "count": 115
        },
        "AI_AGENT.Policy.GailReward.sum": {
            "value": 9.363171200362558,
            "min": 8.39794391594296,
            "max": 134.8968823920004,
            "count": 115
        },
        "AI_AGENT.Losses.PolicyLoss.mean": {
            "value": 1.1622479259967804,
            "min": 0.8327534422278404,
            "max": 1.2993227203687032,
            "count": 115
        },
        "AI_AGENT.Losses.PolicyLoss.sum": {
            "value": 2.324495851993561,
            "min": 1.1116640090942382,
            "max": 2.5732780059178673,
            "count": 115
        },
        "AI_AGENT.Losses.ValueLoss.mean": {
            "value": 0.012786820957747597,
            "min": 0.0036758762318640946,
            "max": 0.19493308613697688,
            "count": 115
        },
        "AI_AGENT.Losses.ValueLoss.sum": {
            "value": 0.025573641915495195,
            "min": 0.004601157588573794,
            "max": 0.19493308613697688,
            "count": 115
        },
        "AI_AGENT.Policy.LearningRate.mean": {
            "value": 0.0003,
            "min": 0.0003,
            "max": 0.0003,
            "count": 115
        },
        "AI_AGENT.Policy.LearningRate.sum": {
            "value": 0.0006,
            "min": 0.0003,
            "max": 0.0006,
            "count": 115
        },
        "AI_AGENT.Policy.Epsilon.mean": {
            "value": 0.20000000000000007,
            "min": 0.20000000000000007,
            "max": 0.20000000000000007,
            "count": 115
        },
        "AI_AGENT.Policy.Epsilon.sum": {
            "value": 0.40000000000000013,
            "min": 0.20000000000000007,
            "max": 0.40000000000000013,
            "count": 115
        },
        "AI_AGENT.Policy.Beta.mean": {
            "value": 0.005000000000000001,
            "min": 0.005000000000000001,
            "max": 0.005000000000000001,
            "count": 115
        },
        "AI_AGENT.Policy.Beta.sum": {
            "value": 0.010000000000000002,
            "min": 0.005000000000000001,
            "max": 0.010000000000000002,
            "count": 115
        },
        "AI_AGENT.Policy.GAILPolicyEstimate.mean": {
            "value": 0.022267858513320485,
            "min": 0.01944967731833458,
            "max": 0.49425296982129413,
            "count": 115
        },
        "AI_AGENT.Policy.GAILPolicyEstimate.sum": {
            "value": 0.04453571702664097,
            "min": 0.01944967731833458,
            "max": 0.83225244084994,
            "count": 115
        },
        "AI_AGENT.Policy.GAILExpertEstimate.mean": {
            "value": 0.9790233721335729,
            "min": 0.8083776573340098,
            "max": 0.9822279214859009,
            "count": 115
        },
        "AI_AGENT.Policy.GAILExpertEstimate.sum": {
            "value": 1.9580467442671459,
            "min": 0.8083776573340098,
            "max": 1.9618575274944305,
            "count": 115
        },
        "AI_AGENT.Losses.GAILLoss.mean": {
            "value": 0.05347572605436047,
            "min": 0.04385024445752303,
            "max": 0.9407454093297323,
            "count": 115
        },
        "AI_AGENT.Losses.GAILLoss.sum": {
            "value": 0.10695145210872094,
            "min": 0.04385024445752303,
            "max": 1.509818810224533,
            "count": 115
        },
        "AI_AGENT.Policy.GAILGradMagLoss.mean": {
            "value": 0.037088889675214884,
            "min": 0.0335187085904181,
            "max": 9.35309689839681,
            "count": 115
        },
        "AI_AGENT.Policy.GAILGradMagLoss.sum": {
            "value": 0.07417777935042977,
            "min": 0.0335187085904181,
            "max": 11.255822459856669,
            "count": 115
        },
        "AI_AGENT.Losses.PretrainingLoss.mean": {
            "value": 0.0,
            "min": 0.0,
            "max": 0.650835657119751,
            "count": 115
        },
        "AI_AGENT.Losses.PretrainingLoss.sum": {
            "value": 0.0,
            "min": 0.0,
            "max": 1.20943812529246,
            "count": 115
        },
        "AI_AGENT.IsTraining.mean": {
            "value": 1.0,
            "min": 1.0,
            "max": 1.0,
            "count": 115
        },
        "AI_AGENT.IsTraining.sum": {
            "value": 1.0,
            "min": 1.0,
            "max": 1.0,
            "count": 115
        }
    },
    "metadata": {
        "timer_format_version": "0.1.0",
        "start_time_seconds": "1626367424",
        "python_version": "3.7.9 (default, Aug 31 2020, 17:10:11) [MSC v.1916 64 bit (AMD64)]",
        "command_line_arguments": "C:\\Users\\Apex\\anaconda3\\envs\\ml-agents\\Scripts\\mlagents-learn Config\\PrototypeML.yaml --run-id=ML_AGENTv36",
        "mlagents_version": "0.24.0",
        "mlagents_envs_version": "0.24.0",
        "communication_protocol_version": "1.4.0",
        "pytorch_version": "1.7.0+cu110",
        "numpy_version": "1.20.1",
        "end_time_seconds": "1626368231"
    },
    "total": 807.2384103,
    "count": 1,
    "self": 0.005186400000070535,
    "children": {
        "run_training.setup": {
            "total": 0.12294380000000005,
            "count": 1,
            "self": 0.12294380000000005
        },