{
    "name": "root",
    "gauges": {
        "MyBehavior.Policy.Entropy.mean": {
            "value": 1.2485684156417847,
            "min": 1.2274521589279175,
            "max": 1.350693941116333,
            "count": 10
        },
        "MyBehavior.Policy.Entropy.sum": {
            "value": 62298.5703125,
            "min": 61306.32421875,
            "max": 67499.578125,
            "count": 10
        },
        "MyBehavior.Environment.EpisodeLength.mean": {
            "value": 6.7527182354768565,
            "min": 6.7527182354768565,
            "max": 13.298054919908466,
            "count": 10
        },
        "MyBehavior.Environment.EpisodeLength.sum": {
            "value": 43474.0,
            "min": 43474.0,
            "max": 46501.0,
            "count": 10
        },
        "MyBehavior.Policy.ExtrinsicValueEstimate.mean": {
            "value": 0.36187437176704407,
            "min": -0.22085322439670563,
            "max": 0.5212353467941284,
            "count": 10
        },
        "MyBehavior.Policy.ExtrinsicValueEstimate.sum": {
            "value": 2334.8134765625,
            "min": -780.0535888671875,
            "max": 3270.751708984375,
            "count": 10
        },
        "MyBehavior.Environment.CumulativeReward.mean": {
            "value": 0.45323930785143074,
            "min": 0.02403737442612243,
            "max": 0.5171952211714361,
            "count": 10
        },
        "MyBehavior.Environment.CumulativeReward.sum": {
            "value": 2924.300014257431,
            "min": 84.90000647306442,
            "max": 3245.4000128507614,
            "count": 10
        },
        "MyBehavior.Policy.ExtrinsicReward.mean": {
            "value": 0.45323930785143074,
            "min": 0.02403737442612243,
            "max": 0.5171952211714361,
            "count": 10
        },
        "MyBehavior.Policy.ExtrinsicReward.sum": {
            "value": 2924.300014257431,
            "min": 84.90000647306442,
            "max": 3245.4000128507614,
            "count": 10
        },
        "MyBehavior.Losses.PolicyLoss.mean": {
            "value": 0.024629136617295443,
            "min": 0.021471859089409313,
            "max": 0.02522033507314821,
            "count": 10
        },
        "MyBehavior.Losses.PolicyLoss.sum": {
            "value": 0.12314568308647722,
            "min": 0.0916409012551109,
            "max": 0.12340616018821794,
            "count": 10
        },
        "MyBehavior.Losses.ValueLoss.mean": {
            "value": 0.5622470839818318,
            "min": 0.47592733979225166,
            "max": 0.6430941486358643,
            "count": 10
        },
        "MyBehavior.Losses.ValueLoss.sum": {
            "value": 2.811235419909159,
            "min": 2.1566791206598284,
            "max": 3.2154707431793215,
            "count": 10
        },
        "MyBehavior.Policy.LearningRate.mean": {
            "value": 1.5145294951599995e-05,
            "min": 1.5145294951599995e-05,
            "max": 0.00028453875515375,
            "count": 10
        },
        "MyBehavior.Policy.LearningRate.sum": {
            "value": 7.572647475799998e-05,
            "min": 7.572647475799998e-05,
            "max": 0.0012837372720875997,
            "count": 10
        },
        "MyBehavior.Policy.Epsilon.mean": {
            "value": 0.1050484,
            "min": 0.1050484,
            "max": 0.19484625000000005,
            "count": 10
        },
        "MyBehavior.Policy.Epsilon.sum": {
            "value": 0.525242,
            "min": 0.525242,
            "max": 0.9279124000000001,
            "count": 10
        },
        "MyBehavior.Policy.Beta.mean": {
            "value": 0.00026191515999999995,
            "min": 0.00026191515999999995,
            "max": 0.004742827875000001,
            "count": 10
        },
        "MyBehavior.Policy.Beta.sum": {
            "value": 0.0013095757999999997,
            "min": 0.0013095757999999997,
            "max": 0.021402828760000003,
            "count": 10
        },
        "MyBehavior.IsTraining.mean": {
            "value": 1.0,
            "min": 1.0,
            "max": 1.0,
            "count": 10
        },
        "MyBehavior.IsTraining.sum": {
            "value": 1.0,
            "min": 1.0,
            "max": 1.0,
            "count": 10
        }
    },
    "metadata": {
        "timer_format_version": "0.1.0",
        "start_time_seconds": "1625919534",
        "python_version": "3.7.9 (default, Aug 31 2020, 17:10:11) [MSC v.1916 64 bit (AMD64)]",
        "command_line_arguments": "C:\\Users\\Apex\\anaconda3\\envs\\ml-agents\\Scripts\\mlagents-learn Config\\PrototypeML.yaml --run-id=ML_AGENTv12",
        "mlagents_version": "0.24.0",
        "mlagents_envs_version": "0.24.0",
        "communication_protocol_version": "1.4.0",
        "pytorch_version": "1.7.0+cu110",
        "numpy_version": "1.20.1",
        "end_time_seconds": "1625919994"
    },
    "total": 460.1157022,
    "count": 1,
    "self": 0.008131699999978537,
    "children": {
        "run_training.setup": {
            "total": 0.12100469999999997,
            "count": 1,
            "self": 0.12100469999999997
        },
        "TrainerController.start_learning": {
            "total": 459.9865658,
            "count": 1,
            "self": 0.6337231000014185,
            "children": {
                "TrainerController._reset_env": {
                    "total": 18.820404500000002,
                    "count": 1,
                    "self": 18.820404500000002
                },
                "TrainerController.advance": {
                    "total": 440.4566384999986,
                    "count": 34788,
                    "self": 0.3355084000007764,
                    "children": {
                        "env_step": {
                            "total": 440.1211300999978,
                            "count": 34788,
                            "self": 349.2721973999928,
                            "children": {
                                "SubprocessEnvManager._take_step": {
                                    "total": 90.49188880000136,
                                    "count": 34788,
                                    "self": 1.5533714000009553,
                                    "children": {
                                        "TorchPolicy.evaluate": {
                                            "total": 88.9385174000004,
                                            "count": 32115,
                                            "self": 28.10067099999965,
                                            "children": {
                                                "TorchPolicy.sample_actions": {
                                                    "total": 60.83784640000076,
                                                    "count": 32115,
                                                    "self": 60.83784640000076
                                                }
                                            }
                                        }
                                    }
                                },
                                "workers": {
                                    "total": 0.357043900003589,
                                    "count": 34788,
                                    "self": 0.0,
                                    "children": {
                                        "worker_root": {
                                            "total": 441.5121813999973,
                                            "count": 34788,
                                            "is_parallel": true,
                                            "self": 206.50149920000015,
                                            "children": {
                                                "steps_from_proto": {
                                                    "total": 0.00048380000000136647,