{
    "name": "root",
    "gauges": {
        "MyBehavior.Policy.Entropy.mean": {
            "value": 0.3598434031009674,
            "min": 0.3598434031009674,
            "max": 1.3658298254013062,
            "count": 7
        },
        "MyBehavior.Policy.Entropy.sum": {
            "value": 17954.74609375,
            "min": 17954.74609375,
            "max": 68370.7109375,
            "count": 7
        },
        "MyBehavior.Environment.EpisodeLength.mean": {
            "value": 6.0,
            "min": 6.0,
            "max": 9.09437386569873,
            "count": 7
        },
        "MyBehavior.Environment.EpisodeLength.sum": {
            "value": 42858.0,
            "min": 42858.0,
            "max": 45099.0,
            "count": 7
        },
        "MyBehavior.Policy.ExtrinsicValueEstimate.mean": {
            "value": 0.9869959950447083,
            "min": 0.9795138239860535,
            "max": 1.1760125160217285,
            "count": 7
        },
        "MyBehavior.Policy.ExtrinsicValueEstimate.sum": {
            "value": 7050.1123046875,
            "min": 5824.7900390625,
            "max": 7050.1123046875,
            "count": 7
        },
        "MyBehavior.Environment.CumulativeReward.mean": {
            "value": 1.024527506152071,
            "min": 1.0091257827007094,
            "max": 1.025053015982904,
            "count": 7
        },
        "MyBehavior.Environment.CumulativeReward.sum": {
            "value": 7318.199976444244,
            "min": 4998.200001716614,
            "max": 7318.199976444244,
            "count": 7
        },
        "MyBehavior.Policy.ExtrinsicReward.mean": {
            "value": 1.024527506152071,
            "min": 1.0091257827007094,
            "max": 1.025053015982904,
            "count": 7
        },
        "MyBehavior.Policy.ExtrinsicReward.sum": {
            "value": 7318.199976444244,
            "min": 4998.200001716614,
            "max": 7318.199976444244,
            "count": 7
        },
        "MyBehavior.Losses.PolicyLoss.mean": {
            "value": 0.024069534975569698,
            "min": 0.022522189444862308,
            "max": 0.024649260696023703,
            "count": 7
        },
        "MyBehavior.Losses.PolicyLoss.sum": {
            "value": 0.09627813990227879,
            "min": 0.09008875777944923,
            "max": 0.12324630348011852,
            "count": 7
        },
        "MyBehavior.Losses.ValueLoss.mean": {
            "value": 0.0020614045458690576,
            "min": 0.0020614045458690576,
            "max": 0.10944450061457853,
            "count": 7
        },
        "MyBehavior.Losses.ValueLoss.sum": {
            "value": 0.00824561818347623,
            "min": 0.00824561818347623,
            "max": 0.4377780024583141,
            "count": 7
        },
        "MyBehavior.Policy.LearningRate.mean": {
            "value": 0.00010477086507639999,
            "min": 0.00010477086507639999,
            "max": 0.0002844576051808,
            "count": 7
        },
        "MyBehavior.Policy.LearningRate.sum": {
            "value": 0.00041908346030559995,
            "min": 0.00041908346030559995,
            "max": 0.0012824376725207999,
            "count": 7
        },
        "MyBehavior.Policy.Epsilon.mean": {
            "value": 0.13492360000000003,
            "min": 0.13492360000000003,
            "max": 0.19481920000000003,
            "count": 7
        },
        "MyBehavior.Policy.Epsilon.sum": {
            "value": 0.5396944000000001,
            "min": 0.5396944000000001,
            "max": 0.9274792,
            "count": 7
        },
        "MyBehavior.Policy.Beta.mean": {
            "value": 0.0017526876400000002,
            "min": 0.0017526876400000002,
            "max": 0.00474147808,
            "count": 7
        },
        "MyBehavior.Policy.Beta.sum": {
            "value": 0.007010750560000001,
            "min": 0.007010750560000001,
            "max": 0.02138121208,
            "count": 7
        },
        "MyBehavior.IsTraining.mean": {
            "value": 1.0,
            "min": 1.0,
            "max": 1.0,
            "count": 7
        },
        "MyBehavior.IsTraining.sum": {
            "value": 1.0,
            "min": 1.0,
            "max": 1.0,
            "count": 7
        }
    },
    "metadata": {
        "timer_format_version": "0.1.0",
        "start_time_seconds": "1625923251",
        "python_version": "3.7.9 (default, Aug 31 2020, 17:10:11) [MSC v.1916 64 bit (AMD64)]",
        "command_line_arguments": "C:\\Users\\Apex\\anaconda3\\envs\\ml-agents\\Scripts\\mlagents-learn Config\\PrototypeML.yaml --run-id=ML_AGENTv16",
        "mlagents_version": "0.24.0",
        "mlagents_envs_version": "0.24.0",
        "communication_protocol_version": "1.4.0",
        "pytorch_version": "1.7.0+cu110",
        "numpy_version": "1.20.1",
        "end_time_seconds": "1625923517"
    },
    "total": 265.91203049999996,
    "count": 1,
    "self": 0.0059206999999332766,
    "children": {
        "run_training.setup": {
            "total": 0.12470599999999998,
            "count": 1,
            "self": 0.12470599999999998
        },
        "TrainerController.start_learning": {
            "total": 265.7814038,
            "count": 1,
            "self": 0.18273940000034372,
            "children": {
                "TrainerController._reset_env": {
                    "total": 7.2516567,
                    "count": 1,
                    "self": 7.2516567
                },
                "TrainerController.advance": {
                    "total": 258.19988999999964,
                    "count": 7439,
                    "self": 0.09141469999963192,
                    "children": {
                        "env_step": {
                            "total": 258.1084753,
                            "count": 7439,
                            "self": 235.32222430000223,
                            "children": {
                                "SubprocessEnvManager._take_step": {
                                    "total": 22.697586399998166,
                                    "count": 7439,
                                    "self": 0.472500699997461,
                                    "children": {
                                        "TorchPolicy.evaluate": {
                                            "total": 22.225085700000704,
                                            "count": 6565,
                                            "self": 7.115285000000032,
                                            "children": {
                                                "TorchPolicy.sample_actions": {
                                                    "total": 15.109800700000672,
                                                    "count": 6565,
                                                    "self": 15.109800700000672
                                                }
                                            }
                                        }
                                    }
                                },
                                "workers": {
                                    "total": 0.08866459999959453,
                                    "count": 7438,
                                    "self": 0.0,
                                    "children": {
                                        "worker_root": {
                                            "total": 259.178094300001,
                                            "count": 7438,
                                            "is_parallel": true,
                                            "self": 121.5448060000009,
                                            "children": {
                                                "steps_from_proto": {
                                                    "total": 0.00131149999999991,
                                                    "count": 1,